c1,c2,c3,c4,sex,degree,salary,age,target
-1.607711272,-0.029397555,1.569952605,-0.527984422,Male,MSc,10000,20,1
0.290131387,0.317681258,-0.996519476,,Female,PhD,2000,24,0
-1.225096032,0.895911487,-0.900324158,0.71986083,Male,,,34,1
2.046861116,-1.680595018,1.923717971,-1.427243976,Female,PhD,30000,,1
,-0.289261286,-1.049150932,0.20627144,Male,,25000,41,0
0.539909579,-0.670839161,1.026938711,-0.654529087,Female,PhD,10000,20,1
-0.210155351,-0.652656311,1.686559549,,Male,,2000,24,1
-0.827544131,0.144499741,0.443645095,-0.076699475,Female,,,34,0
-1.91052957,2.772193608,-4.543441462,2.802919256,Male,MSc,30000,,0
,-0.49267311,0.587032357,-0.425961358,Female,PhD,25000,41,1
-0.610432473,0.479976005,-0.525246738,,Male,MSc,10000,20,1
0.003054786,-0.036501501,0.080482963,-0.043670408,Female,,2000,24,1
-1.377190147,0.159187928,0.923900033,-0.226976349,Male,MSc,,34,1
-0.945832658,0.582760181,-0.446398003,0.42265745,Female,,30000,,0
-0.990615543,-1.3068637,3.90976191,-1.900196689,Male,MSc,25000,41,1
0.657448962,0.225011062,-1.128295248,,Female,PhD,10000,20,0
-1.533720452,1.777649381,-2.624974174,1.702898947,Male,MSc,2000,24,0
-1.202069234,0.798149922,-0.698644315,0.60744242,Female,PhD,,34,1
-0.0110656,-0.080495405,0.194126983,,Male,MSc,30000,,1
0.470319907,0.315173515,-1.159227984,0.529093906,Female,PhD,25000,41,0
2.241449228,-1.769308442,1.944369884,-1.476096937,Male,MSc,10000,20,1
1.330137284,-0.262176356,-0.644778397,0.086721878,Female,PhD,2000,24,0
0.168156882,-0.236775478,0.383407086,-0.237876545,Male,MSc,,34,1
-0.453555305,-0.148546275,0.763121703,-0.320341987,Female,PhD,30000,,1
0.124000712,0.426058695,-1.088668356,0.558601874,Male,MSc,25000,41,0
2.370541665,-0.370459854,-1.370085159,0.272826674,Female,PhD,10000,20,0
-1.248891719,1.452768958,-2.149470971,1.393065764,Male,MSc,2000,24,0
-0.946921916,0.582966899,-0.445851769,0.422576681,Female,PhD,,34,0
1.788569248,-0.298566942,-0.990219685,0.182560903,Male,MSc,30000,,0
-0.686076633,0.376070126,-0.217304256,0.249580794,Female,PhD,25000,41,0
0.794473041,0.380450678,-1.611272931,0.708074675,Male,MSc,10000,20,1
-0.58894985,-0.13722459,0.863834768,-0.347945921,Female,PhD,2000,24,0
-1.092219717,0.95202864,-1.152656378,0.829105266,Male,MSc,,34,0
-0.809337611,0.567418921,-0.538962478,0.445686227,Female,PhD,30000,,0
-0.305405479,-0.467090366,1.351920866,-0.664264372,Male,MSc,25000,41,0
-0.416088747,-0.034051213,0.466689626,-0.168960252,Female,PhD,10000,20,0
-1.553358201,-0.134260975,1.758564334,-0.639493604,Male,MSc,2000,24,1
1.750085322,-1.513682477,1.820047147,-1.314106384,Female,PhD,,34,1
0.056355424,-0.129319654,0.242577292,-0.140782207,Male,MSc,30000,,1
1.224270102,-0.101944095,-0.911651971,0.250126047,Female,PhD,25000,41,0
-2.026636678,-0.075586896,2.067007034,-0.712645838,Male,MSc,10000,20,1
0.036848624,0.538649375,-1.264263191,0.669515328,Female,PhD,2000,24,0
-2.00634181,-0.029774949,1.94344045,-0.650451475,Male,MSc,,34,1
-1.040508839,1.003084885,-1.317563103,0.907323499,Female,PhD,30000,,0
-0.885703942,0.631813319,-0.614600038,0.501004243,Male,MSc,25000,41,0
-0.909281982,0.704867306,-0.759353444,0.58306092,Female,PhD,10000,20,0
-0.836758787,0.836179961,-1.126952386,0.76572352,Male,MSc,2000,24,0
0.244143366,-0.52228068,0.964229269,-0.563511425,Female,PhD,,34,1
2.110642776,-0.423611223,-1.005787916,0.128329619,Male,MSc,30000,,0
1.1676376,-0.987878804,1.164009692,-0.849832098,Female,PhD,25000,41,1
-0.899755983,0.496820135,-0.293254723,0.331739812,Male,MSc,10000,20,0
1.182598806,-1.012321808,1.205831559,-0.875122738,Female,PhD,2000,24,1
-1.561028039,1.848152066,-2.760416316,1.78069642,Male,MSc,,34,0
0.479905558,0.148375034,-0.787362051,0.328197554,Female,PhD,30000,,0
0.521090907,-0.504173441,0.6640066,-0.45662085,Male,MSc,25000,41,1
-0.004872888,0.07271748,-0.161470047,0.087370407,Female,PhD,10000,20,1
1.063153645,-0.823942056,0.887385217,-0.681477639,Male,MSc,2000,24,1
-0.256094131,0.190819806,-0.196282571,0.154803751,Female,PhD,,34,1
-1.003398425,0.266472816,0.329544613,0.018530981,Male,MSc,30000,,1
2.12312866,-1.679455514,1.84982402,-1.402508849,Female,PhD,25000,41,1
0.85355361,-0.734888917,0.879990318,-0.63680413,Male,MSc,10000,20,1
1.358495997,-1.068700278,1.170129493,-0.890182506,Female,PhD,2000,24,1
-1.677334379,0.303315992,0.87539833,-0.142712669,Male,MSc,,34,1
-0.426245573,0.124174184,0.114931258,0.021284854,Female,PhD,30000,,1
-2.502847469,0.549369031,1.085283269,-0.094690916,Male,MSc,25000,41,1
0.509068305,0.22656392,-0.993139495,0.43267113,Female,PhD,10000,20,0
2.426086223,-0.803364129,-0.433620085,-0.239188517,Male,MSc,2000,24,0
-0.960127973,0.563365376,-0.388753946,0.394581457,Female,PhD,,34,0
-1.133947698,1.103782919,-1.460128565,1.001779824,Male,MSc,30000,,0
0.045362952,0.612874194,-1.441688632,0.762825049,Female,PhD,25000,41,0
0.585281676,0.441103458,-1.554207507,0.718167612,Male,MSc,10000,20,0
-0.371004351,0.169433573,-0.040040407,0.093499751,Female,PhD,2000,24,1
1.844323138,-0.220003998,-1.221707652,0.295630136,Male,MSc,,34,0
1.596197716,-1.303805883,1.484715868,-1.104733373,Female,PhD,30000,,1
0.348241978,0.558447864,-1.60054601,0.789015207,Male,MSc,25000,41,0
-1.466427972,1.557920479,-2.186202417,1.45498275,Female,PhD,10000,20,1
3.90959436,-3.080654544,3.379047234,-2.568024159,Male,MSc,2000,24,1
2.134058643,-0.532866762,-0.778229273,0.001984486,Female,PhD,,34,0
-3.183471557,0.602331147,1.600586836,-0.238283975,Male,MSc,30000,,1
-0.870864815,0.92779638,-1.304245442,0.867241535,Female,PhD,25000,41,0
-1.101298497,0.741042542,-0.66245653,0.568498521,Male,MSc,10000,20,0
-0.772024515,0.69646518,-0.868473698,0.614802767,Female,PhD,2000,24,0
-1.510828278,-0.693305389,2.995192147,-1.309637166,Male,MSc,,34,1
2.142482081,-1.731888681,1.951445989,-1.460659582,Female,PhD,30000,,1
-1.058506662,1.155507432,-1.648743185,1.088077602,Male,MSc,25000,41,0
-0.466456078,0.068986375,0.278520818,-0.058462379,Female,PhD,10000,20,0
1.135061339,-0.003194619,-1.053722726,0.343495877,Male,MSc,2000,24,0
0.116668732,0.484150442,-1.214446955,0.627346786,Female,PhD,,34,0
-0.64019076,0.288663814,-0.06063491,0.156812959,Male,MSc,30000,,0
-1.514123281,-0.21780325,1.912628578,-0.729575135,Female,PhD,25000,41,1
2.777597512,-0.872098205,-0.605270478,-0.215598119,Male,MSc,10000,20,0
1.324023576,-1.018611536,1.087992926,-0.839524054,Female,PhD,2000,24,1
0.488539342,0.464056317,-1.516180946,0.716607135,Male,MSc,,34,0
1.529299867,-0.311024428,-0.7194212,0.087985031,Female,PhD,30000,,0
-1.287894199,-0.303227438,1.896193767,-0.764724485,Male,MSc,25000,41,1
0.410643163,-0.439009685,0.618470622,-0.410793713,Female,PhD,10000,20,1
-0.811449471,0.565500314,-0.532607912,0.442695301,Male,MSc,2000,24,0
1.614630806,-1.286270246,1.427448724,-1.077662893,Female,PhD,,34,1
0.594173255,0.186226139,-0.980595408,0.409425213,Male,,30000,,0
-0.352381329,0.681272395,-1.226054363,0.72467402,Female,PhD,25000,41,0
0.753313332,0.100072968,-0.932653334,0.352851604,Male,,10000,20,0
1.882030027,-1.491632868,1.646367141,-1.246778111,Female,PhD,2000,24,1
0.06188218,-0.081893783,0.129130602,-0.081135573,Male,MSc,,34,1
0.555308104,-0.069296402,-0.360868813,0.085277797,Female,,30000,,0
-1.025340132,0.930328961,-1.165629463,0.823057278,Male,MSc,25000,41,0
-1.596332279,-0.243821966,2.048879421,-0.786531478,Female,,10000,20,1
2.485477864,-2.068620819,2.399635889,-1.767172978,Male,MSc,2000,24,1
0.144969175,-0.304062536,0.558708738,-0.327199194,Female,,,34,1
-0.609856615,0.006261305,0.555777598,-0.179002854,Male,MSc,30000,,0
-0.389219591,0.306951458,-0.336987648,0.255973598,Female,PhD,25000,41,1
-0.885289629,0.949310685,-1.339882047,0.889117433,Male,MSc,10000,20,0
0.437673217,0.046076793,-0.514322276,0.190261882,Female,PhD,2000,24,0
0.981518432,0.01260035,-0.946258381,0.315803828,Male,MSc,,34,0
-1.058145208,-0.109483725,1.239085936,-0.457649302,Female,PhD,30000,,1
0.555520178,-0.579914053,0.804750621,-0.538639467,Male,MSc,25000,41,1
-0.736500386,0.485241578,-0.419424867,0.367557069,Female,PhD,10000,20,1
-2.452454906,-0.549477379,3.547011321,-1.422073883,Male,MSc,2000,24,1
-0.507658477,-0.161543225,0.843369509,-0.352783402,Female,PhD,,34,0
0.130292097,0.266803221,-0.730944885,0.365914933,Male,MSc,30000,,0
1.434088712,-1.194457632,1.386591153,-1.020723718,Female,PhD,25000,41,1
0.925298301,-0.745189661,0.836443998,-0.627433426,Male,MSc,10000,20,1
1.27026943,-0.048193033,-1.077372412,0.329889295,Female,PhD,2000,24,0
1.996138166,-0.266494618,-1.257474001,0.285282817,Male,MSc,,34,0
-2.477976784,0.945398217,0.157840206,0.396874475,Female,PhD,30000,,1
-2.194865747,0.236292123,1.512194632,-0.38301377,Male,MSc,25000,41,1
0.021339863,-1.034461432,2.341884837,-1.257595534,Female,PhD,10000,20,1
-0.693343327,0.373009029,-0.203522648,0.243616025,Male,MSc,2000,24,0
-3.080533854,2.384584848,-2.564791779,1.971161258,Female,PhD,,34,1
-0.892232813,0.723671144,-0.818222443,0.611257594,Male,MSc,30000,,0
2.996371708,-2.563237963,3.051355877,-2.215236833,Female,PhD,25000,41,1
1.931184223,-0.415696488,-0.85610674,0.083076001,Male,MSc,10000,20,0
-0.693752392,0.318354546,-0.078355781,0.176702256,Female,PhD,2000,24,0
-0.588072237,0.062599996,0.406784516,-0.103488775,Male,MSc,,34,0
-1.519843328,1.831076892,-2.759929159,1.772435407,Female,PhD,30000,,0
-3.376195428,1.045410291,0.76912152,0.244179606,Male,MSc,25000,41,1
-0.060101182,-0.327058773,0.802905398,-0.418065282,Female,PhD,10000,20,1
0.796302542,0.245066131,-1.303879597,0.543192738,Male,MSc,2000,24,0
1.710814459,-1.389753291,1.573807048,-1.174682462,Female,PhD,,34,1
1.421236179,-1.127924629,1.246700308,-0.943353103,Male,MSc,30000,,1
2.329717581,-0.758916655,-0.445018309,-0.21436789,Female,PhD,25000,41,0
-0.809790325,0.396861874,-0.149131647,0.237124485,Male,MSc,10000,20,0
1.528130762,-1.303576518,1.547818854,-1.12528583,Female,PhD,2000,24,1
1.728771557,-0.347147194,-0.823406753,0.104893299,Male,MSc,,34,0
-0.144920233,0.057678659,0.003777337,0.026129504,Female,PhD,30000,,1
-0.906270151,0.773924352,-0.919836527,0.668371439,Male,MSc,25000,41,0
-0.344498991,0.250614521,-0.25016515,0.200816344,Female,,10000,20,1
-1.177894544,1.14127541,-1.504649609,1.034145708,Male,MSc,2000,24,0
1.057676066,0.023287844,-1.041849105,0.352173098,Female,,,34,0
1.362900956,-1.261565031,1.60635142,-1.124517837,Male,MSc,30000,,1
1.464377391,0.134356733,-1.675606744,0.612376928,Female,,25000,41,0
1.259574684,-1.035975399,1.187881883,-0.880468337,Male,MSc,10000,20,1
-1.352984801,1.370181003,-1.863607467,1.260283092,Female,,2000,24,0
-0.812763023,0.33290055,-0.000319449,0.158052988,Male,MSc,,34,0
-1.68272673,-0.24122911,2.123718114,-0.809805075,Female,,30000,,1
-1.860651159,-0.133252051,2.043507757,-0.732311545,Male,MSc,25000,41,1
-2.044462049,1.018148345,-0.413494141,0.618458804,Female,PhD,10000,20,1
-1.39932355,1.60190765,-2.34935873,1.52927386,Male,MSc,2000,24,0
-0.68745503,0.865658399,-1.333820185,0.847442884,Female,PhD,,34,1
-2.493911379,1.021125922,-0.000162537,0.484537846,Male,MSc,30000,,1
-0.229455667,0.493687731,-0.912676783,0.533065781,Female,PhD,25000,41,1
0.516460547,-0.598565167,0.883845553,-0.573386087,Male,MSc,10000,20,1
2.925139588,-2.385422228,2.71196089,-2.019744911,Female,PhD,2000,24,1
1.145739161,-0.203475604,-0.606432073,0.102017692,Male,MSc,,34,0
2.43697048,-1.895355013,2.049386775,-1.570285944,,PhD,30000,,1
-0.497720108,-0.793610764,2.277185682,-1.122137335,,MSc,25000,41,1
1.550179473,-0.185858457,-1.024711669,0.247330127,,,10000,20,0
-0.727335983,0.337881796,-0.091546668,0.19028616,Male,MSc,2000,24,0
1.189237723,-1.01878442,1.214380853,-0.88098822,,PhD,,34,1
-1.031591737,0.892378486,-1.073138978,0.774767867,Male,MSc,30000,,0
-2.951343858,0.238109997,2.215174019,-0.612321908,Female,PhD,25000,41,1
-0.750591152,0.32088721,-0.031007308,0.162400993,Male,MSc,10000,20,0
-0.575797725,0.152522387,0.190004243,0.010154458,Female,PhD,2000,24,0
-0.87212956,0.712709566,-0.811987328,0.604015239,,MSc,,34,0
-0.238734144,-0.112341825,0.479653969,-0.210350915,Female,,30000,,1
-1.136700478,1.223975608,-1.731973528,1.147814509,Male,MSc,25000,41,0
0.93484364,0.268162629,-1.486115891,0.613819233,,PhD,10000,20,0
0.42728212,-0.489240014,0.717600565,-0.467083341,Male,MSc,2000,24,1
1.500347296,0.008290156,-1.421401034,0.469330785,,PhD,,34,0
0.857070668,-0.765188728,0.945881764,-0.672754498,Male,MSc,30000,,1
-1.236246977,-0.010983474,1.18067834,-0.391790845,Female,PhD,25000,41,1
-0.854839996,0.542547339,-0.439642806,0.401366219,Male,MSc,10000,20,0
-0.663115592,0.366378347,-0.216639648,0.244764814,Female,PhD,2000,24,0
1.101389535,0.11573997,-1.293793212,0.478529992,Male,MSc,,34,0
0.766484736,-0.632390407,0.727359653,-0.538197985,Female,PhD,30000,,1
-0.91280228,-0.315553752,1.573713514,-0.664985837,Male,MSc,25000,41,1
2.35969708,-1.964364941,2.279179457,-1.678267569,Female,PhD,10000,20,1
-0.758600271,0.294184672,0.037445294,0.127318813,Male,MSc,2000,24,0
1.685432145,-0.076760186,-1.400229171,0.422045572,Female,PhD,,34,0
0.967854421,0.050289502,-1.01953579,0.357678476,Male,MSc,30000,,0
1.226659511,-1.09030015,1.342681521,-0.956928072,Female,PhD,25000,41,1
-1.031710475,-0.417522041,1.917673926,-0.825985908,Male,MSc,10000,20,1
1.003338254,-0.79671902,0.881144273,-0.666517944,Female,PhD,2000,24,1
-0.367209798,-0.158376071,0.704851795,-0.305927016,Male,MSc,,34,1
-0.499096538,0.392608915,-0.429847423,0.327019035,Female,PhD,30000,,1
-0.749459454,0.321491681,-0.033445279,0.163486035,Male,MSc,25000,41,0
2.260627748,-1.829756498,2.064454555,-1.544095511,Female,PhD,10000,20,1
-1.018531214,1.033202578,-1.406870304,0.950854284,,MSc,2000,24,0
0.135298622,-0.154477397,0.226222841,-0.14736378,Female,PhD,,34,1
-0.432773563,-0.213033721,0.890930278,-0.392786068,Male,MSc,30000,,0
-1.310914214,1.341684114,-1.837870887,1.238335712,,PhD,25000,41,0
3.048729723,-2.406415501,2.644363891,-2.007572686,Male,MSc,10000,20,1
-0.87200205,0.785848255,-0.979093258,0.693430803,Female,PhD,2000,24,0
1.763653072,-1.491098004,1.755800694,-1.282355249,Male,MSc,,34,1
0.639246102,0.444357471,-1.612081014,0.738660553,Female,PhD,30000,,0
-1.056898856,0.768369027,-0.766350315,0.615480949,Male,MSc,25000,41,0
-0.003902375,-0.014407155,0.03654153,-0.018800123,Female,PhD,10000,20,1
2.616903616,-0.81578811,-0.583623822,-0.195968747,Male,MSc,2000,24,0
-2.466880049,0.80439083,0.469408644,0.227957698,Female,PhD,,34,1
2.256808606,-1.930264812,2.297500308,-1.668087024,Male,MSc,30000,,1
-1.343143424,1.479513032,-2.122428483,1.396900494,Female,PhD,25000,41,0
0.084887089,-0.079389407,0.101908529,-0.071034249,Male,MSc,10000,20,1
3.994644011,-3.281236286,3.75750432,-2.787107444,Female,PhD,2000,24,1
-0.981822369,0.666045347,-0.602908739,0.513418028,,MSc,,34,0
0.037709575,0.690649932,-1.612108342,0.855525716,Female,PhD,30000,,0
-0.838650281,0.544237217,-0.458634646,0.40838634,,MSc,25000,41,1
-0.990126676,-0.353476215,1.732576462,-0.734993738,Female,PhD,10000,20,1
-0.675861069,0.144403414,0.302076883,-0.030392685,Male,MSc,2000,24,0
-0.570033885,0.352714014,-0.272451497,0.256555624,Female,PhD,,34,1
1.14289808,-0.862843752,0.901661329,-0.704609292,Male,MSc,30000,,1
-0.369594794,-0.395858678,1.249290079,-0.596864162,Female,PhD,25000,41,1
-0.66700966,0.357060053,-0.191724524,0.232185894,Male,MSc,10000,20,1
1.081294678,0.184700855,-1.432457402,0.55665091,Female,PhD,2000,24,0
0.590710927,0.439925956,-1.556594169,0.718390378,Male,MSc,,34,0
-0.252892539,-0.347435302,1.029642877,-0.501971907,Female,PhD,30000,,0
-2.517816318,0.188137341,1.924022466,-0.540702682,Male,MSc,25000,41,1
-1.197971634,1.168142998,-1.547225017,1.060833445,Female,PhD,10000,20,0
-2.193294586,0.638385758,0.592685109,0.108831354,Male,MSc,2000,24,1
-0.233143496,0.009463878,0.196327097,-0.059791493,Female,PhD,,34,1
0.818341105,0.003776853,-0.773580411,0.25507892,Male,MSc,30000,,0
-0.665227146,0.342999677,-0.161288784,0.215549472,Female,PhD,25000,41,0
1.541684348,-0.731254798,0.228451989,-0.421752147,Male,MSc,10000,20,1
-0.977186119,0.608900957,-0.476773223,0.445005738,,PhD,2000,24,0
-2.957440951,0.320114214,2.033645288,-0.513977658,Male,MSc,,34,1
1.248447161,-1.028484641,1.181180972,-0.87472024,,PhD,30000,,1
0.347559801,-0.260225737,0.269247876,-0.21162459,Male,MSc,25000,41,1
1.784541029,-1.412451697,1.556713878,-1.179855301,Female,PhD,10000,20,1
0.975364321,0.392087851,-1.806933347,0.777659512,Male,MSc,2000,24,0
-1.532181707,1.726785498,-2.510282567,1.641213496,Female,PhD,,34,0
-1.077265218,1.167553075,-1.658710362,1.097056262,Male,MSc,30000,,0
2.183917855,-0.670561783,-0.510457306,-0.15102079,Female,PhD,25000,41,0
-0.470573771,-0.390688941,1.331878477,-0.621452549,Male,MSc,10000,20,1
0.223593441,-0.244908059,0.350154803,-0.230847623,Female,PhD,2000,24,1
0.88695219,0.048440953,-0.939690634,0.330658381,Male,MSc,,34,0
1.676947673,0.11616141,-1.832767488,0.655201779,Female,PhD,30000,,0
-0.920396768,0.995974734,-1.413606206,0.935396597,Male,MSc,25000,41,0
-0.163585861,-0.63975638,1.613575481,-0.831859074,Female,PhD,10000,20,0
-2.409975872,0.324632447,,-0.340897763,Male,MSc,2000,24,1
0.501715593,-0.508749774,0.692566446,-0.468143254,Female,PhD,,34,1
1.09445308,-0.975451657,1.204047015,-0.857044984,Male,MSc,30000,,1
-0.934581129,,,0.525384847,Female,PhD,25000,41,0
-0.754405465,-0.14925274,1.045959113,-0.41328426,Male,MSc,10000,20,1
1.71920209,-1.472068582,1.753904892,-1.272705801,Female,PhD,2000,24,1
,1.128338025,-1.422619728,1.001149064,Male,MSc,,34,0
1.919148852,-0.239580049,-1.246957072,0.294609265,Female,PhD,30000,,0
0.244385261,0.307142444,-0.929695847,,Male,MSc,25000,41,0
1.976299335,-1.58970538,1.782161861,-1.33777184,Female,PhD,10000,20,1
0.766853381,-0.552479778,0.54456695,-0.440433209,Male,MSc,2000,24,1
1.339888255,-1.194921927,1.475706575,-1.050122324,Female,PhD,,34,1
2.174427732,,,-1.406807905,Male,MSc,30000,,1
-0.800212916,0.437872862,-0.251718596,0.290171792,Female,PhD,25000,41,0
0.672965362,-0.616395027,0.778258484,-0.547274175,Male,MSc,10000,20,1
-0.83845853,0.649267078,-0.698613017,0.53679304,,PhD,2000,24,0
-1.755973246,2.0191885,-2.968690366,1.930039998,Male,MSc,,34,0
-0.647963674,0.592713571,-0.747560845,0.525987172,,PhD,30000,,0
1.643497264,-1.395579507,1.650034996,-1.202405453,Male,MSc,25000,41,1
1.543530598,-0.290213345,-0.780238465,0.11777197,Female,PhD,10000,20,0
-0.732637487,,0.292603073,-0.014292991,Male,MSc,2000,24,0
1.570076285,0.005606177,-1.480453378,,Female,PhD,,34,0
-0.925764672,0.748219786,,0.630993545,Male,MSc,30000,,0
-1.503849721,1.674633057,-2.417694392,1.586153817,Female,PhD,25000,41,0
-3.006485704,0.708143854,1.193560026,-0.054810574,Male,MSc,10000,20,1
,-0.298487963,-0.917271036,0.15871341,Female,PhD,2000,24,0
0.697934212,0.178453967,-1.059842556,0.431684848,Male,MSc,,34,0
0.90680103,-0.621655193,0.571686656,-0.482133837,Female,PhD,30000,,1
0.569745554,-0.005486181,-0.520052876,0.167673574,Male,MSc,25000,41,0
0.255450923,-0.471800991,,,Female,PhD,10000,20,1
-1.441904594,1.528581386,-2.142140425,1.42663564,Male,MSc,2000,24,0
-1.020875986,0.9348472,-1.180118221,0.82994494,Female,PhD,,34,0
0.323541693,0.3590543,-1.122211229,0.53779355,Male,MSc,30000,,0
-1.06716399,0.913085305,-1.087164065,0.789184565,Female,PhD,25000,41,0
0.381994096,0.37624854,-1.216107597,0.57669525,Male,MSc,10000,20,0
0.594676489,-0.447236365,0.46522532,-0.364521128,Female,PhD,2000,24,1
1.954296868,-1.58553041,1.793196922,-1.339404096,Male,MSc,,34,1
1.573213878,-1.351192179,1.614390487,-1.169674605,Female,PhD,30000,,1
0.420996743,-1.021360561,1.938387972,-1.119266082,Male,MSc,25000,41,1
1.316001266,-1.073482337,1.220770282,-0.909032297,Female,PhD,10000,20,1
3.175188373,-2.511520232,2.766124736,-2.097307935,Male,MSc,2000,24,1
,-0.582599441,0.676085587,-0.497785865,Female,PhD,,34,1
-1.44985148,0.109855609,1.10445454,-0.309500069,Male,MSc,30000,,1
0.801705131,0.196355399,-1.19771575,0.485321047,Female,PhD,25000,41,0
-0.082576321,-0.457499229,1.121729767,-0.584344208,Male,MSc,10000,20,1
1.087382783,0.007217237,-1.032926291,0.341626697,Female,PhD,2000,24,0
,0.130443554,-1.022519427,0.39668537,Male,MSc,,34,0
-1.726240409,,-3.189244187,2.042311613,Female,PhD,30000,,0
0.065442458,-0.043591307,0.038352204,-0.033239724,Male,MSc,25000,41,1
1.128494586,-0.263905492,-0.452341817,0.022893574,Female,PhD,10000,20,0
2.363517076,-0.414282975,-1.26346397,0.217124221,Male,MSc,2000,24,0
-1.101254903,,,0.865904762,Female,PhD,,34,0
-2.313489661,-0.55047719,3.419394082,-1.380763611,Male,MSc,30000,,1
-0.918214575,0.143043187,0.531726258,-0.10623023,Female,PhD,25000,41,1
-0.079287331,0.340634751,-0.703605802,0.391993723,Male,MSc,10000,20,0
0.259508982,-0.141738235,0.081029802,-0.093780201,Female,PhD,2000,24,1
0.988894253,0.160845398,-1.291619012,0.499218887,Male,MSc,,34,0
-0.547309091,-0.051549148,0.629300359,-0.230504612,Female,PhD,30000,,1
-0.169895121,0.538373332,-1.070375959,0.605901485,Male,MSc,25000,41,0
0.647306008,0.363370161,-1.434708805,0.642159721,Female,PhD,10000,20,0
-1.581476359,-0.129016889,1.77287518,-0.641691168,Male,MSc,2000,24,1
-0.396735669,-0.262415821,0.969990123,-0.442101861,Female,PhD,,34,1
,0.45210957,0.123639796,0.174026106,Male,MSc,30000,,1
-1.091077243,0.694764327,-0.566350813,0.515074214,Female,PhD,25000,41,0
-3.290339943,,1.450801257,-0.137354486,Male,MSc,10000,20,1
1.639044438,-0.227033759,-1.013770129,0.224211547,Female,PhD,2000,24,0
0.280690219,0.568259889,-1.559803278,0.780330581,Male,MSc,,34,0
0.708753916,0.450891676,-1.691973122,0.767919182,Female,PhD,30000,,0
1.760393565,-1.40459673,1.56135202,-1.177647052,Male,MSc,25000,41,1
0.652572378,,-0.281048952,0.023661786,Female,PhD,10000,20,1
-0.549057633,-0.447656666,,-0.715088905,Male,MSc,2000,24,1
1.279825601,-0.147018187,-0.860672352,0.21204831,Female,PhD,,34,0
0.58924819,0.429637573,-1.531736911,,Male,MSc,30000,,0
-1.301511803,1.357913406,-1.883713879,1.261045868,Female,PhD,25000,41,0
0.54615861,-0.477905453,0.580600362,-0.416848704,Male,MSc,10000,20,1
0.678428871,0.271279593,-1.253544636,0.539149254,Female,PhD,2000,24,0
1.443518163,-0.033717869,-1.2723684,0.4006031,Male,MSc,,34,0
-1.448263574,1.433368147,-1.918809978,1.308337436,Female,PhD,30000,,0
1.280794143,-1.084775418,1.279464516,-0.933608186,Male,MSc,25000,41,1
-0.999101782,0.69981597,-0.663859997,0.549397638,Female,PhD,10000,20,1
2.400461031,-0.589080284,-0.898909104,0.014826537,Male,MSc,2000,24,0
2.04387908,-0.111392297,-1.656222737,0.489431807,Female,PhD,,34,0
1.631668884,-0.260350867,-0.930807695,0.181240178,Male,MSc,30000,,0
0.140443645,-0.201470665,0.32870622,-0.203215535,Female,PhD,25000,41,1
0.191527034,-0.188693717,0.251783501,-0.171967208,Male,MSc,10000,20,1
0.125708563,0.211606701,-0.600638313,0.297061137,Female,PhD,2000,24,1
-1.966928756,-0.057790274,1.970561718,-0.67262375,Male,MSc,,34,1
,1.796386779,-2.643259252,1.717776045,Female,PhD,30000,,0
1.417307818,-1.171284743,1.349370132,-0.997542115,Male,MSc,25000,41,1
-1.217500946,,-1.899797916,1.253335151,Female,PhD,10000,20,0
1.155166312,-0.101410778,-0.848273754,0.229627686,Male,MSc,2000,24,0
1.157283298,0.386192886,-1.963525886,0.826134363,Female,PhD,,34,0
2.393225167,-1.978613842,2.280370954,-1.685418242,Male,MSc,30000,,1
-1.297819421,1.147961252,-1.407812727,1.005611392,Female,PhD,25000,41,0
-0.957776027,0.70738306,,0.571292997,Male,MSc,10000,20,0
-0.384649128,,0.913557176,-0.41424503,Female,PhD,2000,24,0
-0.878679169,-0.588342083,2.1646336,-0.987893326,Male,MSc,,34,1
0.070472322,0.770429825,-1.824883455,0.963045351,Female,PhD,30000,,0
1.338470949,-1.12794914,1.324122376,-0.968714391,Male,MSc,25000,41,1
-0.943884212,0.64505426,-0.59044619,0.499378064,Female,PhD,10000,20,0
-2.889834205,0.869030735,0.717189002,0.17749818,Male,MSc,2000,24,1
-1.596624062,0.239514827,0.945620839,-0.195976214,Female,PhD,,34,1
-2.616108802,1.712368573,-1.464148554,1.291846333,Male,MSc,30000,,1
0.222339306,0.47076539,-1.282664088,0.643331862,Female,PhD,25000,41,0
-0.299303467,-0.287854138,0.936993376,-0.443367507,Male,MSc,10000,20,1
-1.186765938,1.223500895,-1.684090208,1.131911242,Female,PhD,2000,24,0
-1.043267883,0.698546935,-0.619677637,0.53432927,Male,MSc,,34,0
-2.363281007,0.724605915,0.554728884,0.162167161,Female,PhD,30000,,1
-0.543956659,0.41347542,-0.435555117,0.338788204,Male,MSc,25000,41,0
-0.04258589,-0.02101069,0.087778431,-0.038709313,Female,PhD,10000,20,1
2.090847772,-0.529505195,-0.745512196,-0.007132859,Male,MSc,2000,24,0
1.462838905,0.014268352,-1.399988602,0.465156313,Female,PhD,,34,0
-0.906844611,0.531307386,-0.365368148,0.371714169,Male,MSc,30000,,0
2.192629145,-1.768104067,1.987255456,-1.489567171,Female,PhD,25000,41,1
2.20403962,-0.433875793,-1.069656518,0.14437144,Male,MSc,10000,20,0
,-0.184321493,0.223429681,-0.160609104,Female,PhD,2000,24,1
-1.042066364,0.699827917,-0.623725451,0.536262388,Male,MSc,,34,1
0.089743003,0.283206151,-0.73049136,0.373548993,Female,PhD,30000,,0
0.178587964,-0.218614592,,-0.212491115,Male,MSc,25000,41,1
-1.375682681,1.76016278,-2.732777911,1.729899507,Female,PhD,10000,20,0
0.910897202,0.369739215,-1.695646357,0.730618185,Male,MSc,2000,24,0
-1.881818194,0.29669195,1.081666502,-0.213392179,Female,PhD,,34,1
-0.545329335,,0.665287214,-0.25015048,Male,MSc,30000,,1
0.960888719,0.142572615,-1.223720857,0.468317837,Female,PhD,25000,41,0
-0.853986836,-0.355504509,1.609948496,-0.695805037,Male,MSc,10000,20,1
-1.061468827,1.007444729,-1.30792461,0.906236225,Female,PhD,2000,24,0
-0.208422541,0.704000965,-1.412514894,0.796509054,Male,MSc,,34,1
-2.287148215,-0.040533157,2.230491298,-0.749542481,Female,PhD,30000,,1
-1.290048589,1.280748039,-1.718249043,1.170257131,Male,MSc,25000,41,0
0.377476167,0.097159563,-0.574681857,0.234261706,Female,PhD,10000,20,1
-1.056768422,0.844154763,-0.939502588,0.708132138,Male,MSc,2000,24,0
1.298410809,-0.989428858,1.045306376,-0.811701506,Female,PhD,,34,1
-0.787188764,-0.15989809,1.100908771,-0.436326771,Male,MSc,30000,,1
1.348137521,0.013075203,-1.290045531,0.428592472,Female,PhD,25000,41,0
0.685643928,0.07496835,-0.812080631,0.301462328,Male,MSc,10000,20,0
-1.179530179,0.838689386,-0.81227081,0.663880594,Female,PhD,2000,24,1
2.169179957,-0.641805561,-0.562335648,-0.120390987,Male,MSc,,34,0
-0.555253458,-0.562709608,1.803783471,-0.857581578,Female,PhD,30000,,1
-0.823799865,-1.274941359,3.680944762,-1.810131095,Male,MSc,25000,41,1
1.024183134,-0.846261914,0.974773147,-0.720680243,Female,PhD,10000,20,1
-0.856821439,0.688400749,-0.770796113,0.578994755,Male,MSc,2000,24,0
1.94438511,-1.671877822,1.999606354,-1.447955502,Female,PhD,,34,1
1.048352542,-0.85046398,0.961774366,-0.718417878,Male,MSc,30000,,1
-1.059182467,0.822730647,-0.88833151,0.681212709,Female,PhD,25000,41,0
-1.305939239,1.424051644,-2.030578909,1.340512681,Male,MSc,10000,20,0
,-0.478967699,0.592396301,-0.421214944,Female,PhD,2000,24,1
-1.189012237,1.263931487,-1.774299627,1.180630502,Male,MSc,,34,0
0.593421417,-0.155225402,-0.200306873,-0.00806363,Female,PhD,30000,,0
-0.25457052,-0.238523602,0.78254944,-0.369393798,Male,MSc,25000,41,1
1.323131439,-1.093552694,,-0.931376285,Female,PhD,10000,20,1
2.515625569,-0.491700656,-1.228893461,0.169073404,Male,MSc,2000,24,0
-1.85261483,,-0.995020549,0.892442989,Female,PhD,,34,1
-1.223194128,0.833323051,-0.759203084,0.643958955,Male,MSc,30000,,1
-1.051625534,0.428455888,0.004793705,0.201716131,Female,PhD,25000,41,0
-0.714221396,0.32722042,-0.079464194,0.181271687,Male,MSc,10000,20,0
0.093989915,-0.049410638,0.024953435,-0.031613724,Female,PhD,2000,24,0
-1.437485391,1.558417961,-2.214392778,1.464448919,Male,MSc,,34,0
1.210211007,-0.244334793,-0.573410414,0.071819587,Female,PhD,30000,,0
-1.00799498,-0.048267178,1.052440539,-0.367492688,Male,MSc,25000,41,1
-0.676607745,0.208963517,0.155374327,0.048272167,Female,PhD,10000,20,0
-1.236030459,1.271156708,-1.746844878,1.175069311,Male,MSc,2000,24,0
1.079523821,-0.168833338,-0.623629793,0.124085008,Female,PhD,,34,0
2.299508696,-0.33593983,-1.382500428,0.293270113,Male,MSc,30000,,0
2.617100912,-2.190221409,2.554231786,-1.875485778,Female,PhD,25000,41,1
-1.589988066,2.120033752,-3.354092669,2.104076203,Male,MSc,10000,20,0
-0.669718157,0.53869068,-0.60388303,0.453312184,Female,PhD,2000,24,1
-1.221721772,-0.017567652,1.182133356,-0.395391186,Male,MSc,,34,1
0.720916325,0.43627002,-1.669958664,0.753773765,Female,PhD,30000,,0
-1.773297639,1.990320039,-2.886585034,1.889459973,Male,MSc,25000,41,0
-1.737876291,0.086534921,1.42693496,-0.426151892,Female,PhD,10000,20,1
0.827214081,0.035070828,-0.853323465,0.296036297,Male,MSc,2000,24,0
-2.552184547,-0.546497398,3.63343143,-1.448955809,Female,PhD,,34,1
3.445497491,-0.835611022,-1.312906324,0.033408907,Male,MSc,30000,,0
-0.984430896,0.414417649,-0.025966115,0.205126962,Female,PhD,25000,41,1
1.668696705,-1.46108168,1.776030832,-1.274737453,Male,MSc,10000,20,1
-0.677684044,0.349892363,-0.16538155,0.220159844,Female,PhD,2000,24,0
-0.698081658,0.245457799,0.092125417,0.086296348,Male,MSc,,34,0
-0.626164096,0.395139187,-0.31684601,0.291220445,Female,PhD,30000,,1
1.004672656,0.054850326,-1.064365271,0.374520551,Male,MSc,25000,41,0
-0.581760524,0.216351564,0.049846354,0.086329648,Female,PhD,10000,20,0
-2.128174177,0.490748813,0.868890352,-0.051652216,Male,MSc,2000,24,1
0.346165384,-0.372367221,0.526587375,-0.349089888,Female,PhD,,34,1
0.199081689,0.066660797,-0.338291482,0.142391906,Male,MSc,30000,,1
-0.628076766,0.964799366,-1.615678846,0.986768045,Female,PhD,25000,41,0
1.218447414,-0.252476351,-0.56252111,0.06439134,Male,MSc,10000,20,0
0.073309984,0.550876563,-1.326262553,0.695616586,Female,PhD,2000,24,1
-1.187131928,0.90711439,-0.961389635,0.74517033,Male,MSc,,34,0
-1.489904306,1.91875578,-2.988099356,1.888743493,Female,PhD,30000,,0
-1.190870811,0.966404116,-1.093262105,0.816478902,Male,MSc,25000,41,0
-2.52440239,0.236542217,1.819663215,-0.483566971,Female,PhD,10000,20,1
0.458181426,-0.43981954,0.5758825,-0.397233686,Male,MSc,2000,24,1
-1.316673415,1.409751149,-1.987894765,1.31975194,Female,PhD,,34,0
1.197703897,-0.108889689,-0.870960945,0.23350751,Male,MSc,30000,,0
0.702222599,0.044726605,-0.758531309,0.269580587,Female,PhD,25000,41,0
-1.530485249,0.425742272,0.458610988,0.051839037,Male,MSc,10000,20,1
0.821223303,-0.729444735,0.897781689,-0.640046356,Female,PhD,2000,24,1
-0.353844399,0.497164534,-0.804340519,0.499243755,Male,MSc,,34,0
1.123663475,-0.887470454,0.975867683,-0.740590471,Female,PhD,30000,,1
-0.412381531,0.530510049,-0.825754885,0.522076434,Male,MSc,25000,41,1
-0.423433444,0.469349701,-0.675785569,0.443955026,Female,PhD,10000,20,0
0.421613611,-0.085901426,-0.197983981,0.024067342,Male,MSc,2000,24,1
1.369993535,-1.180070922,1.413658089,-1.022760082,Female,PhD,,34,1
1.01186675,-1.631604218,2.779341876,-1.684149507,Male,MSc,30000,,1
-1.896559247,0.370873223,0.926078817,-0.127253271,Female,PhD,25000,41,1
-1.149683262,1.051463603,-1.32596655,0.933028794,Male,MSc,10000,20,0
-2.214177477,0.147901067,1.732056787,-0.496939519,Female,PhD,2000,24,1
2.092603244,-0.209245743,-1.478354135,0.384766117,Male,MSc,,34,0
-0.814051355,0.765831505,-0.987562306,0.686706582,Female,PhD,30000,,0
-0.429448735,-0.158369819,0.76301635,-0.324968382,Male,MSc,25000,41,0
-0.687318384,0.345153412,-0.145555953,0.211420067,Female,PhD,10000,20,0
1.467242052,-1.215927136,1.404618682,-1.036812767,Male,MSc,2000,24,1
-0.885880539,0.367694191,-0.011410864,0.17819279,Female,PhD,,34,1
-1.403214022,1.789049107,-2.772994429,1.756772706,Male,MSc,30000,,0
0.075863907,-0.672610066,1.464755981,-0.798720151,Female,PhD,25000,41,1
-0.818068344,0.432535618,-0.222842215,0.278184726,Male,MSc,10000,20,0
-0.555363779,0.018878866,0.476031752,-0.146905797,Female,PhD,2000,24,1
-2.001699228,0.306579318,1.171152832,-0.238000765,Male,MSc,,34,1
-0.644746029,0.132421642,0.300347815,-0.035511437,Female,PhD,30000,,0
1.028267254,0.00444767,-0.971343774,0.320149197,Male,MSc,25000,41,0
-0.334741711,0.324582571,-0.428166217,0.294192711,Female,PhD,10000,20,0
1.803470383,-0.205287507,-1.217119878,0.301110404,Male,MSc,2000,24,0
0.251756975,-0.078388118,-0.056361829,-0.018738039,Female,PhD,,34,1
1.154469554,-0.080045215,-0.896403276,0.255523463,Male,MSc,30000,,0
-1.028163531,0.725886075,-0.696216078,0.572360972,Female,PhD,25000,41,0
1.759932995,-0.301593448,-0.956541521,0.170097984,Male,MSc,10000,20,0
-0.726511211,0.385307772,-0.200598345,0.248493822,Female,PhD,2000,24,0
-1.204033039,1.411201914,-2.096499455,1.355999795,Male,MSc,,34,0
-0.784869078,-0.429443389,1.714153276,-0.765005065,Female,PhD,30000,,1
-0.882270918,0.515578721,-0.352427864,0.360014599,Male,MSc,25000,41,0
0.814882875,-0.35965147,0.059414299,-0.190094193,Female,PhD,10000,20,1
-1.277150849,1.262525303,-1.688700135,1.151936199,Male,MSc,2000,24,0
1.019839112,-0.876330459,1.047484847,-0.758753983,Female,PhD,,34,1
-0.929755547,0.614749034,-0.534461749,0.466668894,Male,MSc,30000,,0
2.006474131,-0.496826457,-0.741253125,0.006977422,Female,PhD,25000,41,0
-2.443651957,0.062879137,2.140679667,-0.671071091,Male,MSc,10000,20,1
0.533777262,0.410728141,-1.436711477,0.665284963,Female,PhD,2000,24,0
-0.938950537,0.408227561,-0.054346688,0.211482418,Male,MSc,,34,1
0.924972385,-0.791755783,0.943066183,-0.684437653,Female,PhD,30000,,1
0.220916136,0.38648319,-1.088904688,0.539902212,Male,MSc,25000,41,0
-0.437190762,0.362096032,-0.418049277,0.308678888,Female,PhD,10000,20,1
-1.502468112,0.615385834,-0.000563537,0.292161214,Male,MSc,2000,24,1
3.040277925,-2.480859438,2.822231161,-2.101131035,Female,PhD,,34,1
-0.37093876,-0.330345192,1.10096913,-0.51721707,Male,MSc,30000,,0
-0.5726534,0.565115568,-0.754947881,0.515311666,Female,PhD,25000,41,0
-0.811604407,0.849136694,-1.180048029,0.789255648,Male,MSc,10000,20,0
-1.445920951,1.792659171,-2.741315775,1.748113265,Female,PhD,2000,24,0
2.772118784,-0.889515471,-0.560382886,-0.238559104,Male,MSc,,34,0
-1.485308964,-0.189606788,1.821317133,-0.686299667,Female,PhD,30000,,1
0.841554421,-0.744385573,0.912889059,-0.652081684,Male,MSc,25000,41,1
-2.59659183,-0.315942682,3.148550397,-1.18080601,Female,PhD,10000,20,1
0.306814083,0.307534135,-0.988946466,0.469715467,Male,MSc,2000,24,0
-0.66487094,0.513274747,-0.550385608,0.423737098,Female,PhD,,34,0
-0.790299344,-0.20046301,1.19643231,-0.486849723,Male,MSc,30000,,1
-1.407499596,0.372897312,0.464301276,0.02490303,Female,PhD,25000,41,1
-0.77049607,0.37489521,-0.135709341,0.222307402,Male,MSc,10000,20,0
-0.757103527,0.34045083,-0.069586479,0.184314826,Female,PhD,2000,24,0
-0.801984735,0.420475642,-0.210341865,0.268369851,Male,MSc,,34,0
1.930085271,-0.157082674,-1.445534103,0.398769482,Female,PhD,30000,,0
-0.198622981,0.118182685,-0.084163055,0.083629902,Male,MSc,25000,41,1
-0.040838685,0.226760234,-0.479553458,0.264605102,Female,PhD,10000,20,0
0.246392743,-0.314849537,0.488529816,-0.309339111,Male,MSc,2000,24,1
-0.970777199,-0.03638095,0.990512566,-0.341576577,Female,PhD,,34,1
0.593265527,-0.546608189,0.69342521,-0.48638678,Male,MSc,30000,,1
-2.062291016,-0.71809815,3.567286296,-1.508716361,Female,PhD,25000,41,0
-0.284219894,0.185385356,-0.157583894,0.139554532,Male,MSc,10000,20,1
1.246686183,-1.015682067,1.153596854,-0.859614279,Female,PhD,2000,24,1
-0.584267527,0.120909514,0.270098515,-0.03106922,Male,MSc,,34,0
-0.113128038,0.141284388,-0.216825502,0.138027317,Female,PhD,30000,,1
1.186758607,-0.939909621,1.036615097,-0.785360837,Male,MSc,25000,41,1
-3.351681325,0.988189242,0.876850923,0.181757503,Female,PhD,10000,20,1
-1.579369968,-0.441775862,2.484982449,-1.02324248,Male,MSc,2000,24,1
1.893266946,-0.22886961,-1.247217111,0.299776096,Female,PhD,,34,0
-1.341393136,1.510758152,-2.195401948,1.435618181,Male,MSc,30000,,0
-0.904435908,0.570934627,-0.458094734,0.420876446,Female,PhD,25000,41,0
-0.43610338,-0.226625024,0.925073887,-0.410413969,Male,MSc,10000,20,1
-2.476631797,0.811768427,0.46168007,0.233988584,Female,PhD,2000,24,1
0.159163188,0.198556309,-0.602114524,0.291352576,Male,MSc,,34,0
1.131875576,-0.83714743,0.853296182,-0.676581589,Female,PhD,30000,,1
-2.075825265,-0.109065331,2.189423195,-0.768611753,Male,MSc,25000,41,1
-0.171047718,0.040914666,0.066475158,-0.002352982,Female,PhD,10000,20,1
-1.175983142,1.041535665,-1.278715331,0.912847302,Male,MSc,2000,24,0
0.019831869,-0.608341206,1.370397243,-0.73733198,Female,PhD,,34,1
-1.449412462,1.635395908,-2.378996109,1.554866658,Male,MSc,30000,,0
-0.277034791,0.212183725,-0.22548503,0.174501618,Female,PhD,25000,41,1
-0.412959514,0.632023561,-1.056985378,0.645950519,Male,MSc,10000,20,1
1.29201887,-0.364051734,-0.376549642,-0.049437928,Female,PhD,2000,24,0
-1.247508847,1.185167968,-1.539789915,1.066476719,Male,MSc,,34,0
-1.015179214,0.871627202,-1.041102509,0.754432754,Female,PhD,30000,,0
0.739828534,0.181863118,-1.106787543,0.448673161,Male,MSc,25000,41,1
1.852246869,-1.531798882,1.76591253,-1.304977071,Female,PhD,10000,20,1
-0.144328662,0.535650064,-1.088056977,0.610398547,Male,MSc,2000,24,0
1.781716393,-1.459928223,1.667750375,-1.23873682,Female,PhD,,34,1
-0.853106492,0.639428338,-0.662457263,0.520286764,Male,MSc,30000,,0
-1.174367942,1.077148116,-1.361533801,0.956860586,Female,PhD,25000,41,0
-1.525437991,1.924409844,-2.967792769,1.884777311,Male,MSc,10000,20,0
0.72185833,-0.498030898,0.462311721,-0.387667189,Female,PhD,2000,24,1
-0.27220548,-0.615202048,1.659048116,-0.83509772,Male,MSc,,34,1
-0.92191337,-0.153997809,1.213373488,-0.470350696,Female,PhD,30000,,1
-0.982649567,0.740305958,-0.771683758,0.603912396,Male,MSc,25000,41,0
0.660382864,-1.674047627,3.204801744,-1.843592016,Female,PhD,10000,20,1
0.119936824,0.423620377,-1.079302522,0.55437841,Male,MSc,2000,24,0
-1.318613722,-0.159729371,1.597281439,-0.598769863,Female,PhD,,34,1
0.585102163,0.185795057,-0.971131836,0.406122102,Male,MSc,30000,,0
-0.534950064,0.038342948,0.412510252,-0.116872533,Female,PhD,25000,41,0
-1.297412696,0.019327878,1.168648542,-0.373470469,Male,MSc,10000,20,1
0.419429474,-1.030700322,1.961177095,-1.131159087,Female,PhD,2000,24,1
-1.450448323,1.841001591,-2.847456833,1.805802744,Male,MSc,,34,1
-0.460487134,-0.21679403,0.925421335,-0.405863306,Female,PhD,30000,,0
-0.527895493,0.354130619,-0.315075348,0.271183718,Male,MSc,25000,41,1
0.502890281,0.388926032,-1.358061857,0.629189122,Female,PhD,10000,20,0
1.698607397,-1.384471237,1.573158058,-1.171963839,Male,MSc,2000,24,1
1.458418765,-1.199699927,1.375817207,-1.019683361,Female,PhD,,34,1
-1.032886086,1.014404519,-1.350533036,0.923489295,Male,MSc,30000,,0
0.881629767,-0.702742562,0.780350674,-0.588927758,Female,PhD,25000,41,1
-0.833624125,0.837935457,-1.133890625,0.768828164,Male,MSc,10000,20,0
-0.137382697,0.225677705,-0.38683584,0.233733731,Female,PhD,2000,24,0
-1.630770836,1.874905595,-2.756305505,1.792043964,Male,MSc,,34,0
0.77804934,-0.140320108,-0.406921793,0.066658546,Female,PhD,30000,,0
-1.394159675,1.333985478,-1.74247872,1.20344955,Male,MSc,25000,41,1
1.83249936,-0.413843866,-0.768089321,0.055136192,Female,PhD,10000,20,0
0.531554385,0.21661246,-0.991438018,0.427392448,Male,MSc,2000,24,0
-0.762865683,0.532570132,-0.502837768,0.417323818,Female,PhD,,34,1
0.013343664,0.077057657,-0.188407538,0.098249569,Male,MSc,30000,,1
1.039594786,-0.725025226,0.683565085,-0.567810324,Female,PhD,25000,41,1
-2.567271628,0.617189813,0.990659621,-0.031530759,Male,MSc,10000,20,1
-0.571308282,-0.070726665,0.695519167,-0.261285069,Female,PhD,2000,24,0
-1.221291173,1.206793205,-1.613671003,1.100927321,Male,MSc,,34,0
-1.454528257,1.743544639,-2.621134023,1.685460222,Female,PhD,30000,,0
-1.271123098,0.961894795,-1.007949547,0.786406229,Male,MSc,25000,41,1
-0.866283569,0.65898449,-0.69478945,0.540151657,Female,PhD,10000,20,0
-0.930020499,0.740765448,-0.821928698,0.620581686,Male,MSc,2000,24,0
-0.737293228,-0.129787725,0.985521593,-0.384260314,Female,PhD,,34,1
1.211171399,-0.97999393,1.10531342,-0.826872602,Male,MSc,30000,,1
-0.86392588,0.68633242,-0.759432815,0.574292823,Female,PhD,25000,41,0
-1.459226868,0.336548194,0.59564472,-0.035347899,Male,MSc,10000,20,1
-0.732267194,0.09396438,0.469963378,-0.109293718,Female,PhD,2000,24,1
0.228655043,-0.283514708,0.433568235,-0.276476341,Male,MSc,,34,1
-1.582143405,-1.113078807,4.020261576,-1.844433256,Female,PhD,30000,,1
-1.355588899,1.479988239,-2.111879849,1.39367211,Male,MSc,25000,41,0
0.487188662,-0.084146265,-0.263288596,0.046282241,Female,PhD,10000,20,0
1.802011933,-1.495778191,1.73062972,-1.276334296,Male,MSc,2000,24,1
0.80979684,-0.979575283,1.479548797,-0.949206724,Female,PhD,,34,1
-0.879499825,-0.55569,2.090851057,-0.94824318,Male,MSc,30000,,1
1.788759938,-0.013939975,-1.640244545,0.530437546,Female,PhD,25000,41,0
-0.446280379,0.032335263,0.34334132,-0.097075543,Male,MSc,10000,20,0
-1.607317823,-0.036108059,1.584905925,-0.536064336,Female,PhD,2000,24,1
-0.371486943,0.545541439,-0.898300696,0.552961312,Male,MSc,,34,0
1.772779512,-1.447905107,1.648653665,-1.226779643,Female,PhD,30000,,1
0.020981917,0.021021283,-0.067607961,0.032110091,Male,MSc,25000,41,1
-0.319167853,-0.08034481,0.481786602,-0.195867844,Female,PhD,10000,20,1
1.544241918,0.10061717,-1.673228825,0.595590233,Male,MSc,2000,24,0
-0.749742527,0.285762946,0.048393456,0.119738366,Female,PhD,,34,0
2.045134188,-1.621456613,1.790310282,-1.355504537,Male,MSc,30000,,1
-0.812270351,0.523434257,-0.435797382,0.391038729,Female,PhD,25000,41,0
-0.702824929,-0.950900724,2.82802753,-1.377122848,Male,MSc,10000,20,1
1.130707873,-0.131856291,-0.75589911,0.184937016,Female,PhD,2000,24,0
2.23427922,-1.88464871,2.214411515,-1.619238886,Male,MSc,,34,1
2.524148202,-0.392795229,-1.462676244,0.292545729,Female,PhD,30000,,0
1.228275699,-0.172422329,-0.75448375,0.165226586,Male,MSc,25000,41,0
-0.943777528,0.816377556,-0.981703026,0.708770266,Female,PhD,10000,20,0
-1.166903017,1.057832283,-1.324410775,0.935541091,Male,MSc,2000,24,0
-1.978661733,1.599488825,-1.802290662,1.349004309,Female,PhD,,34,1
2.894620276,-2.485476291,2.968927927,-2.151353245,Male,MSc,30000,,1
1.306802984,-1.070967825,1.223627507,-0.908774775,Female,PhD,25000,41,1
-1.439675316,1.718113312,-2.576954461,1.6589287,Male,MSc,10000,20,0
-1.580020675,2.026704422,-3.150324806,1.993077054,Female,PhD,2000,24,0
-1.018003474,0.255922072,0.367285865,0.00116776,Male,MSc,,34,1
2.389713337,-1.88875775,2.078498582,-1.576687634,Female,PhD,30000,,1
1.380087289,-0.241152287,-0.739471097,0.12770142,Male,MSc,25000,41,0
1.78457689,-0.197958667,-1.216191743,0.304283763,Female,PhD,10000,20,0
2.018603479,-1.677928652,1.944044527,-1.432634243,Male,MSc,2000,24,1
-1.201226065,1.255045236,-1.742593896,1.166033179,Female,PhD,,34,0
0.636794872,0.067224297,-0.748737353,0.277048116,Male,MSc,30000,,0
-0.042399357,-0.10738533,0.284810492,-0.144203285,Female,PhD,25000,41,1
1.569274798,-0.133967787,-1.16103561,0.316585642,Male,MSc,10000,20,0
-1.916355923,0.485083119,0.68382553,0.006253856,Female,PhD,2000,24,1
1.889302936,-0.508495766,-0.605082694,-0.043144355,Male,MSc,,34,0
0.874894567,-0.063926243,-0.6718682,0.189653652,Female,PhD,30000,,1
-0.726431835,0.425002979,-0.29130273,0.297026233,Male,MSc,25000,41,0
1.416180394,0.161613253,-1.692784618,0.630933497,Female,PhD,10000,20,0
0.006393905,0.430245208,-0.98829198,0.527722816,Male,MSc,2000,24,0
-0.509519996,-0.200763987,0.934656554,-0.401281483,Female,PhD,,34,0
-0.835428041,0.651312861,-0.706116648,0.540220536,Male,MSc,30000,,0
0.935877539,-0.776132957,0.897203134,-0.662008675,Female,PhD,25000,41,1
-0.887472658,0.654769762,-0.665359748,0.528516011,Male,MSc,10000,20,0
-1.323159165,1.608832326,-2.436364681,1.561046979,Female,PhD,2000,24,0
-3.567883467,1.627236264,-0.380092146,0.896510852,Male,MSc,,34,0
0.539354115,-0.794622973,1.310075186,-0.805964705,Female,PhD,30000,,1
-0.909010878,0.400003849,-0.063557273,0.21059633,Male,MSc,25000,41,1
-2.62686288,0.955493885,0.273963891,0.363643073,Female,PhD,10000,20,1
1.088286507,-1.020150786,1.311866219,-0.913555324,Male,MSc,2000,24,1
-2.936815421,0.287698822,2.088374513,-0.547277036,Female,PhD,,34,1
0.576483907,-0.490036929,0.579951315,-0.422392107,Male,MSc,30000,,1
1.101497792,-0.045444369,-0.925886073,0.281593527,Female,PhD,25000,41,0
3.166705228,-0.958323303,-0.772130067,-0.201875146,Male,MSc,10000,20,0
-0.43957196,-0.226214276,0.927378397,-0.410973632,Female,PhD,2000,24,1
0.244362438,-0.201416114,0.231441937,-0.171343224,Male,MSc,,34,1
-1.189860434,0.82685002,-0.775583369,0.646251013,Female,PhD,30000,,1
1.651990395,-0.184817015,-1.122258809,0.279763294,Male,MSc,25000,41,0
0.653311747,0.237336612,-1.152569024,0.489983029,Female,PhD,10000,20,0
0.701796028,-0.590570885,0.692348123,-0.506892712,Male,MSc,2000,24,1
-1.159215138,0.112549844,0.826626279,-0.21725478,Female,PhD,,34,1
-0.305570028,0.189197265,-0.146329685,0.137678263,Male,MSc,30000,,1
-2.195563893,-0.265772975,2.659138131,-0.996758275,Female,PhD,25000,41,1
1.535709956,-1.256923591,1.434218364,-1.06595557,Male,MSc,10000,20,1
-2.555427464,-0.094200406,2.60380005,-0.897234864,Female,PhD,2000,24,1
-1.584227279,-0.463023249,2.53803391,-1.050693736,Male,MSc,,34,1
0.545742122,0.235729312,-1.048346907,0.455095853,Female,PhD,30000,,0
-1.170908189,1.056153273,-1.316833442,0.932263484,Male,MSc,25000,41,0
-1.356509229,1.451732738,-2.046507955,1.3588618,Female,PhD,10000,20,0
2.360519839,-1.963083792,2.27548531,-1.67645017,Male,MSc,2000,24,1
-1.228517406,0.072034773,0.983909733,-0.287975613,Female,PhD,,34,1
0.900136366,0.076064953,-1.015084539,0.368450492,Male,MSc,30000,,0
-0.177663396,0.457732207,-0.878998502,0.504979283,Female,PhD,25000,41,0
0.304630084,0.417228065,-1.237352846,0.603094599,Male,MSc,10000,20,0
-1.308475721,1.095881438,-1.278945453,0.93870761,Female,PhD,2000,24,0
1.296163664,-1.138547171,1.387866694,-0.994614013,Male,MSc,,34,1
-2.159246663,-0.557601325,3.291478485,-1.342261405,Female,PhD,30000,,1
-0.635500503,-0.040312426,0.686083533,-0.243765263,Male,MSc,25000,41,0
2.694579612,-0.650321889,-1.034017208,0.030007085,Female,PhD,10000,20,0
-1.890582617,0.45808561,0.721372941,-0.018849249,Male,MSc,2000,24,1
1.465105248,-1.209753898,1.392521654,-1.029922977,Female,PhD,,34,1
0.711450648,0.278770501,-1.301515144,0.558409981,Male,MSc,30000,,0
0.643761048,0.078300848,-0.780538547,0.292715909,Female,PhD,25000,41,0
0.979001082,0.00677342,-0.930601481,0.307912768,Male,MSc,10000,20,0
-1.104707917,0.931420642,-1.093931647,0.800099824,Female,PhD,2000,24,0
0.698529837,0.274376286,-1.279404552,0.549085611,Male,MSc,,34,0
0.37564243,-0.291754844,0.314982934,-0.241558575,Female,PhD,30000,,1
1.207371214,-0.973531458,1.094110897,-0.820138462,Male,MSc,25000,41,1
-0.957369544,0.614284302,-0.507588075,0.457649375,Female,PhD,10000,20,0
-0.76306217,0.20901637,0.236068295,0.021876294,Male,MSc,2000,24,0
1.212428129,0.308346481,-1.837338219,0.747882694,Female,PhD,,34,0
1.338418569,-1.167786457,1.415125986,-1.017412201,Male,MSc,30000,,1
2.674700873,-0.644681892,-1.028312213,0.030815106,Female,PhD,25000,41,0
1.80963006,-1.470514019,1.665826614,-1.243129489,Male,MSc,10000,20,1
1.338187244,-0.01424202,-1.218374982,0.392165023,Female,PhD,2000,24,0
-0.85707163,0.73466699,-0.876195101,0.635456198,Male,MSc,,34,0
0.296926537,-0.402049974,0.640384398,-0.400432808,Female,PhD,30000,,1
-2.350478908,-0.386022946,3.078496342,-1.191119164,Male,MSc,25000,41,1
1.141165272,-0.931243727,1.059448634,-0.7887254,Female,PhD,10000,20,1
-0.639879188,0.411316666,-0.340961254,0.306791884,Male,MSc,2000,24,0
2.327273091,-0.472940613,-1.095660033,0.134350812,Female,PhD,,34,0
-0.778978121,0.646764634,-0.748499809,0.551939742,Male,MSc,30000,,0
-0.53076888,0.185159192,0.073398035,0.063818749,Female,PhD,25000,41,0
-1.623481629,-0.65479305,3.012567126,-1.297053499,Male,MSc,10000,20,1
0.732427785,-0.628253971,0.749750816,-0.543566757,Female,PhD,2000,24,1
-0.312868132,0.278898991,-0.344310338,0.245061397,Male,MSc,,34,1
-0.556253536,0.308705574,-0.184854941,0.20699432,Female,PhD,30000,,1
-0.41582218,0.292667541,-0.279508105,0.230376388,Male,MSc,25000,41,1
-0.928102496,-0.582010271,2.196376348,-0.995282389,Female,PhD,10000,20,1
-2.235464588,0.595341758,0.730380175,0.043324305,Male,MSc,2000,24,1
1.798510465,-1.514876031,1.777506044,-1.300743802,Female,PhD,,34,1
-1.046138962,0.385199508,0.09842593,0.150535443,Male,MSc,30000,,1
0.435033075,-0.433744578,0.583650724,-0.396894837,Female,PhD,25000,41,1
-3.836929212,0.455784402,2.546005189,-0.617365126,Male,MSc,10000,20,1
0.838253442,0.026546048,-0.844179314,0.288997627,Female,PhD,2000,24,0
0.219558422,0.635847259,-1.656971598,0.844213174,Male,MSc,,34,0
1.369049826,-0.100302681,-1.050734705,0.296443528,Female,PhD,30000,,0
-1.445993116,1.531280925,-2.144482072,1.428683172,Male,MSc,25000,41,0
-1.021405465,1.096667845,-1.549084399,1.02753006,Female,PhD,10000,20,0
-0.769800306,-0.714832374,2.351653914,-1.109142555,Male,MSc,2000,24,1
-1.006907203,0.975888964,-1.286880344,0.884373892,Female,PhD,,34,0
1.243573619,0.187266254,-1.590007403,0.609453368,Male,MSc,30000,,0
-1.08882585,0.970715928,-1.198494768,0.852980138,Female,PhD,25000,41,0
0.152906975,-0.216484617,0.351335058,-0.217748244,Male,MSc,10000,20,1
2.723994494,-2.214874765,2.510598678,-1.872896416,Female,PhD,2000,24,1
0.726934017,-0.69140398,0.899067267,-0.62241842,Male,MSc,,34,1
-1.10985576,-0.229040629,1.560389768,-0.619576234,Female,PhD,30000,,1
-2.219531206,0.257510436,1.486806428,-0.364633857,Male,MSc,25000,41,1
-1.480637198,1.44613015,-1.917685813,1.314024435,Female,PhD,10000,20,0
2.303572318,-0.745127022,-0.452062439,-0.205518844,Male,MSc,2000,24,0
-0.590498755,0.448819418,-0.472744875,0.367734291,Female,PhD,,34,1
0.80738189,0.073835187,-0.923289932,0.337337015,Male,MSc,30000,,0
0.780223897,0.248683612,-1.297109088,0.542692281,Female,PhD,25000,41,0
-0.52991248,0.339379203,-0.279510214,0.25253995,Male,MSc,10000,20,1
0.550850989,-0.432438727,0.472406644,-0.359851544,Female,PhD,2000,24,1
-0.445974255,-0.17561913,0.817846638,-0.351105133,Male,MSc,,34,0
0.481493486,-0.512470852,0.719965165,-0.478879694,Female,PhD,30000,,1
-1.241575124,1.137971625,-1.437580137,1.010618195,Male,MSc,25000,41,0
-1.667213395,0.313404281,0.842904484,-0.12728698,Female,PhD,10000,20,1
0.089567079,-0.783048988,1.704095563,-0.929484088,Male,MSc,2000,24,1
-1.002144441,1.013023387,-1.376115942,0.931210398,Female,PhD,,34,0
-1.076825627,0.885266988,-1.014619253,0.752233113,Male,MSc,30000,,0
-1.323388355,1.471897103,-2.123506524,1.393640005,Female,PhD,25000,41,0
0.809791827,-0.618955381,0.656203461,-0.508525511,Male,MSc,10000,20,1
-0.404278272,-0.222945814,0.88692467,-0.396177449,Female,PhD,2000,24,0
-1.175446763,0.208558502,0.622596694,-0.104898701,Male,MSc,,34,1
-0.184107601,-0.574263218,1.483227663,-0.758106416,Female,PhD,30000,,1
-1.284673979,1.329172881,-1.833834316,1.231077957,Male,MSc,25000,41,0
1.015362483,-0.101470973,-0.717452483,0.186765414,Female,PhD,10000,20,0
0.626573898,0.124982208,-0.871053222,0.344500864,Male,MSc,2000,24,0
-0.419219643,-0.194455157,0.835842853,-0.365934446,Female,PhD,,34,0
-0.937254214,0.699665681,-0.721329857,0.568143206,Male,MSc,30000,,0
0.239335837,-0.27857299,0.412301502,-0.2671685,Female,PhD,25000,41,1
2.089234088,-0.403191406,-1.032397349,0.146730533,Male,MSc,10000,20,0
1.008989656,0.0298444,-1.011308328,0.345284219,Female,PhD,2000,24,0
-0.173771085,0.433768496,-0.827924109,0.476886572,Male,MSc,,34,1
1.307456341,-1.111982659,1.316659868,-0.958695529,Female,PhD,30000,,1
-0.911480324,0.660861719,-0.656827067,0.528612624,Male,MSc,25000,41,1
1.203484626,-0.186963732,-0.698109671,0.139869162,Female,PhD,10000,20,0
2.596140102,-2.114250616,2.40037237,-1.789063685,Male,MSc,2000,24,1
0.348447432,-0.232279023,0.204611554,-0.177201629,Female,PhD,,34,1
-1.219194787,1.382836665,-2.017564597,1.316696606,Male,MSc,30000,,0
-1.555301467,0.597016003,0.090764391,0.253542704,Female,PhD,25000,41,1
-0.840942999,-1.151238176,3.414536417,-1.664210884,Male,MSc,10000,20,1
0.865449177,-0.799896495,1.017292927,-0.712603546,Female,PhD,2000,24,1
-0.514338441,-0.442859574,1.491901676,-0.698600545,Male,MSc,,34,1
-1.441231302,0.249774483,0.776940647,-0.135878864,Female,PhD,30000,,1
1.099875332,-0.86924079,0.956482934,-0.725594217,Male,MSc,25000,41,1
0.733483722,0.019286886,-0.729670392,0.24806074,Female,PhD,10000,20,0
-1.239512928,1.416809209,-2.076136373,1.351992925,Male,MSc,2000,24,0
1.594303364,-0.133616035,-1.185234561,0.324675795,Female,PhD,,34,0
0.544798451,0.394417818,-1.409774765,0.648726686,Male,MSc,30000,,1
-3.734540775,1.231133388,0.68005645,0.361459838,Female,PhD,25000,41,1
-2.343720875,0.845603965,0.260187809,0.316015157,Male,MSc,10000,20,1
-1.155127904,1.089937533,-1.408718913,0.978378094,Female,PhD,2000,24,0
-1.303790782,1.478690772,-2.157336644,1.40794005,Male,MSc,,34,0
-0.823666211,-1.040129499,3.144708677,-1.523146692,Female,PhD,30000,,1
1.610116292,-0.010097094,-1.482028452,0.480457475,Male,MSc,25000,41,0
0.117216176,-0.138408239,0.206437366,-0.133261395,Female,PhD,10000,20,1
-0.661752833,0.237160157,0.077111251,0.087275401,Male,MSc,2000,24,0
-2.260596955,2.872178439,-4.444491001,2.817959659,Female,PhD,,34,0
1.402636292,-0.456002826,-0.270012714,-0.127947647,Male,MSc,30000,,1
0.433588966,0.364977629,-1.238603516,0.578713291,Female,PhD,25000,41,0
0.175914773,-0.22472606,0.348644623,-0.220777582,Male,MSc,10000,20,1
-1.201483247,0.544656322,-0.120427674,0.297848915,Female,PhD,2000,24,1
-0.017795778,0.012898522,-0.012814401,0.01031556,Male,MSc,,34,1
2.47213818,-0.77860873,-0.533188216,-0.194842282,Female,PhD,30000,,0
-0.329167683,0.19281886,-0.132540057,0.134881547,Male,MSc,25000,41,1
2.5247071,-2.02532085,2.264105332,-1.702253188,Female,PhD,10000,20,1
1.574024156,-1.331536067,1.568755179,-1.145406557,Male,MSc,2000,24,1
-0.4265986,0.665941658,-1.121676194,0.683224511,Female,PhD,,34,0
1.319226807,0.0704274,-1.393964563,0.489829202,Male,MSc,30000,,0
-0.55285945,0.049989278,0.402660993,-0.108121941,Female,PhD,25000,41,0
0.444014539,-0.360783284,0.408673441,-0.304986188,Male,MSc,10000,20,1
-1.100204544,-0.157827005,1.388776617,-0.529598277,Female,PhD,2000,24,1
-0.680130918,0.010091925,0.612721728,-0.195830113,Male,MSc,,34,0
0.748150296,0.292380506,-1.366894429,0.586273991,Female,PhD,30000,,0
-1.473127193,1.750411632,-2.619426761,1.688159349,Male,MSc,25000,41,0
-1.0454409,0.955498046,-1.204304798,0.847662173,Female,PhD,10000,20,0
-1.14738846,0.973205563,-1.149436657,0.838098687,Male,MSc,2000,24,0
3.263788258,-2.632849176,2.960317006,-2.218456558,Female,PhD,,34,1
0.272858171,-0.242965112,0.299667774,-0.213395225,Male,MSc,30000,,1
1.291980528,-0.064683489,-1.060016986,0.316382671,Female,PhD,25000,41,0
-1.25103464,1.321065087,-1.846767895,1.231465857,Male,MSc,10000,20,0
-1.771334255,2.132729691,-3.213563209,2.06408755,Female,PhD,2000,24,0
0.442556944,-0.766644838,1.336679541,-0.801401007,Male,MSc,,34,1
-1.072588304,0.836772597,-0.907860096,0.694269151,Female,PhD,30000,,0
-1.260048737,1.400592581,-2.019915176,1.325890729,Male,MSc,25000,41,0
1.16590808,-1.005623466,1.206140147,-0.872045673,Female,PhD,10000,20,1
-1.040336536,1.220004487,-1.812984574,1.172455134,Male,MSc,2000,24,1
-0.134687634,0.076687576,-0.049187993,0.052490492,Female,PhD,,34,1
-0.912318774,0.693510866,-0.730586276,0.568253737,Male,MSc,30000,,0
0.516328039,-0.36491319,0.350506457,-0.28790054,Female,PhD,25000,41,1
-0.439935299,-1.218352411,3.192920128,-1.62349202,Male,MSc,10000,20,1
-0.446441012,-0.365819408,1.252539079,-0.583675487,Female,PhD,2000,24,0
-0.011393872,0.029895076,-0.057604399,0.033044979,Male,MSc,,34,1
1.126382472,-0.015398728,-1.017746183,0.325926003,Female,PhD,30000,,0
-1.741946103,0.285793915,0.975800725,-0.183900129,Male,MSc,25000,41,1
0.728748103,-0.607405537,0.705590315,-0.519215881,Female,PhD,10000,20,1
0.17309186,0.32372844,-0.900921563,0.44857778,Male,MSc,2000,24,0
-0.276107415,-0.970764883,2.474499481,-1.270794894,Female,PhD,,34,1
-2.921918921,-0.333965358,3.493803543,-1.302400414,Male,MSc,30000,,1
0.726554936,-0.588595409,0.664694031,-0.496900878,Female,PhD,25000,41,1
1.261286009,-1.064291424,1.250931982,-0.914547158,Male,MSc,10000,20,1
0.892260783,0.30387833,-1.527855263,0.644431319,Female,PhD,2000,24,0
-1.043029366,0.88253519,-1.039973733,0.759238586,Male,MSc,,34,1
-0.086013445,0.059618208,-0.055714998,0.046528821,Female,PhD,30000,,1
-0.208006359,0.030369336,0.125099423,-0.026551184,Male,MSc,25000,41,1
1.18818878,0.161700884,-1.479865925,0.561260891,Female,PhD,10000,20,0
-0.827190006,0.944684366,-1.383628997,0.901246121,Male,MSc,2000,24,0
-0.855501774,0.659396631,-0.705808884,0.543955203,Female,PhD,,34,0
0.314065581,-0.320227391,0.437550019,-0.295198807,Male,MSc,30000,,1
-1.117869903,1.280910508,-1.879566733,1.223153116,Female,PhD,25000,41,0
-0.934698819,0.627577034,-0.55912922,0.480831945,Male,MSc,10000,20,0
-1.374195109,1.585260348,-2.334839618,1.51662149,Female,PhD,2000,24,0
-2.634627352,0.106965717,2.218540577,-0.675647064,Male,MSc,,34,1
-1.442380941,0.389279005,0.459505272,0.034245823,Female,PhD,30000,,1
-1.162440759,1.470973757,-2.271846693,1.441771691,Male,MSc,25000,41,0
-0.271203156,0.510735901,-0.91257622,0.54112155,Female,PhD,10000,20,0
0.542037353,-0.539740591,0.725631786,-0.493673501,Male,MSc,2000,24,1
0.733894404,-0.657911991,0.816093634,-0.57936041,Female,PhD,,34,1
0.301774197,-0.281325693,0.360221098,-0.2514223,Male,MSc,30000,,1
-0.896465314,0.700258487,-0.760811392,0.581351578,Female,PhD,25000,41,0
1.687091598,-1.367637993,1.54548978,-1.154917925,Male,MSc,10000,20,1
1.667121713,-1.396682353,1.630469631,-1.196522587,Female,PhD,2000,24,1
-0.066366117,-0.152147578,0.409412812,-0.206238727,Male,MSc,,34,1
0.805880166,-0.765676641,0.994846876,-0.689018231,Female,PhD,30000,,1
-1.14867892,1.105419998,-1.450096021,0.999271682,Male,MSc,25000,41,0
0.639498629,0.154702989,-0.950991878,0.384775865,Female,PhD,10000,20,0
-1.269470668,1.417767413,-2.050320629,1.343994924,Male,MSc,2000,24,0
-1.050477597,1.009796354,-1.323567953,0.912473949,Female,PhD,,34,0
0.708009662,-0.20919308,-0.184203639,-0.038941745,Male,MSc,30000,,1
-0.262691431,0.773243607,-1.519877662,0.864514892,Female,PhD,25000,41,0
1.287151579,0.072533972,-1.368791362,0.482586438,Male,MSc,10000,20,0
1.303145147,-1.037004373,1.149503008,-0.868390472,Female,PhD,2000,24,1
-0.630029437,0.573392654,-0.720212568,0.50786573,Male,MSc,,34,1
-0.962274342,0.655872886,-0.597956291,0.506970052,Female,PhD,30000,,1
1.610011277,0.15792641,-1.865553475,0.685752492,Male,MSc,25000,41,0
-2.536253884,-0.09184905,2.58050874,-0.888493158,Female,PhD,10000,20,1
-2.535541041,0.754375452,0.647783298,0.145823625,Male,MSc,2000,24,1
0.71888026,0.132226764,-0.973878476,0.381605336,Female,PhD,,34,0
-1.179411615,-0.27161797,1.72261874,-0.692894803,Male,MSc,30000,,1
-1.285945963,-0.057300798,1.332884742,-0.463602285,Female,PhD,25000,41,1
2.026462926,-0.03005577,-1.82564636,0.583495789,Male,MSc,10000,20,0
-0.809836256,0.610354379,-0.636524537,0.498001364,Female,PhD,2000,24,0
0.962776827,-0.770587495,0.859397466,-0.646999175,Male,MSc,,34,1
-0.806058736,0.913726048,-1.332699243,0.869882098,Female,PhD,30000,,0
2.079123163,-0.197029794,-1.493644285,0.395568437,Male,MSc,25000,41,0
-0.011871574,1.011336189,-2.297937027,1.23223404,Female,PhD,10000,20,1
1.533758021,-1.268349903,1.462130971,-1.080516103,Male,MSc,2000,24,1
0.689049099,0.438963543,-1.646319994,0.747311925,Female,PhD,,34,0
1.653148728,-0.23243419,-1.014624333,0.221928937,Male,MSc,30000,,0
0.55429174,0.22071018,-1.022047838,0.439358974,Female,PhD,25000,41,0
1.530224531,-0.4065267,-0.502239349,-0.028437125,Male,MSc,10000,20,0
-0.920923127,0.585491441,-0.475918462,0.433618963,Female,PhD,2000,24,0
1.613602314,-1.369477848,1.618385719,-1.179658571,Male,MSc,,34,1
-1.202370561,0.91635582,-0.96824467,0.751799517,Female,PhD,30000,,1
-1.065900937,1.029483624,-1.35409977,0.931811571,Male,MSc,25000,41,0
-1.230315381,1.482207694,-2.234048603,1.434725847,Female,PhD,10000,20,0
0.47568782,0.140987018,-0.76655149,0.317878399,Male,MSc,2000,24,0
-1.37702518,0.630658276,-0.152692606,0.349217741,Female,PhD,,34,1
0.733321357,-0.734344654,0.991136683,-0.672937621,Male,MSc,30000,,1
-0.932399191,0.650574135,-0.61378471,0.509638566,Female,PhD,25000,41,0
1.090339403,-0.928610497,1.100946855,-0.80106345,Male,MSc,10000,20,1
-2.422614851,-0.12169934,2.542435605,-0.890189995,Female,PhD,2000,24,1
1.509116153,-0.087758303,-1.210304638,0.354641994,Male,MSc,,34,0
2.105651261,-0.39161029,-1.074185008,0.165907507,Female,PhD,30000,,0
0.141655102,-0.190467867,0.302452731,-0.189399175,Male,MSc,25000,41,1
-1.580833805,1.850430213,-2.747103919,1.777418546,Female,PhD,10000,20,0
-1.906461694,-0.439934971,2.786533576,-1.121103407,Male,MSc,2000,24,1
0.498572356,0.049759191,-0.579656184,0.213400771,Female,PhD,,34,0
1.053712334,-1.1669767,1.679410842,-1.103560579,Male,MSc,30000,,1
-1.291782653,1.25853378,-1.66590957,1.142580252,Female,PhD,25000,41,0
-0.569030691,0.163804231,0.157920486,0.02601217,Male,MSc,10000,20,1
1.551421354,-1.233479945,1.36600648,-1.032498425,Female,PhD,2000,24,1
1.659566754,-1.393127604,1.629415718,-1.194490923,Male,MSc,,34,1
-0.977625298,0.743693226,-0.784113922,0.609589428,Female,PhD,30000,,1
-0.865449212,1.035993684,-1.556338644,1.001117722,Male,MSc,25000,41,0
-1.348605779,0.988258826,-0.995714474,0.794908911,Female,PhD,10000,20,1
-1.901582611,-0.117524703,2.045861151,-0.72562008,Male,MSc,2000,24,1
1.124220445,-0.956300396,1.13249626,-0.824531189,Female,PhD,,34,1
1.494467014,-1.275166945,1.514423204,-1.100872132,Male,MSc,30000,,1
-0.456386616,0.59354299,-0.928534218,0.585635294,Female,PhD,25000,41,0
-0.930598793,0.306685892,0.169681446,0.089953182,Male,MSc,10000,20,1
-0.784814884,0.384808063,-0.144957153,0.2300386,Female,PhD,2000,24,0
1.777666712,-1.490926521,1.742309702,-1.277856645,Male,MSc,,34,1
0.535746702,-1.690130567,3.358027161,-1.90139206,Female,PhD,30000,,1
-1.055437362,0.899732594,-1.067639449,0.77645644,Male,MSc,25000,41,0
-1.84205778,1.603179436,-1.938409593,1.395323642,Female,PhD,10000,20,1
-1.740693708,-0.507269208,2.785313626,-1.152651451,Male,MSc,2000,24,1
-0.893538487,0.210314634,0.355068962,-0.016471121,Female,PhD,,34,1
1.532297485,-0.037962633,-1.345664834,0.422587961,Male,MSc,30000,,0
-1.841883396,0.31183529,1.009762274,-0.182664253,Female,PhD,25000,41,1
-0.81345878,-0.076838871,0.935828268,-0.342867469,Male,MSc,10000,20,1
0.309544871,0.368896546,-1.131598819,0.545537014,Female,PhD,2000,24,0
0.771869759,0.528978359,-1.929255416,0.882659637,Male,MSc,,34,0
0.61980273,0.336724678,-1.348163995,0.601180831,Female,PhD,30000,,0
-0.101267463,0.737943444,-1.590175634,0.87078341,Male,MSc,25000,41,0
0.726445934,-0.353259133,0.127487451,-0.209349899,Female,PhD,10000,20,1
0.115033347,-0.055677317,0.019590534,-0.032831091,Male,MSc,2000,24,1
0.309966954,-0.735266775,1.388979245,-0.803637387,Female,PhD,,34,1
0.076464929,-0.538786182,1.158653907,-0.635001474,Male,MSc,30000,,1
2.1337116,-0.416360084,-1.043907315,0.144251119,Female,PhD,25000,41,0
1.729655449,-1.464014995,1.725745886,-1.259664819,Male,MSc,10000,20,1
1.03791082,0.2304528,-1.496362298,0.599282277,Female,PhD,2000,24,0
2.673782433,-2.219872458,2.568945688,-1.8943717,Male,MSc,,34,1
-0.611047572,-0.228677117,1.093290976,-0.46646552,Female,PhD,30000,,1
-1.706444173,2.295238131,-3.645251696,2.282535642,Male,MSc,25000,41,0
1.054589704,-0.95005039,1.183314984,-0.838204953,Female,PhD,10000,20,1
0.397202209,-1.611272471,3.307488802,-1.847429603,Male,MSc,2000,24,1
0.445105512,0.463545397,-1.474413978,0.702689315,Female,PhD,,34,0
1.598994486,-1.366684844,1.625663764,-1.180716388,Male,MSc,30000,,1
-0.259320502,-0.01957167,0.287089035,-0.103285154,Female,PhD,25000,41,1
0.27121269,-0.178144263,0.153210069,-0.134686829,Male,MSc,10000,20,1
-0.486114779,0.418487964,-0.501068128,0.362616838,Female,PhD,2000,24,1
1.432188421,-1.191748479,1.382182071,-1.017994701,Male,MSc,,34,1
-1.110983184,1.164402572,-1.619998883,1.082886495,Female,PhD,30000,,0
-1.151290031,1.122635516,-1.486960887,1.019510131,Male,MSc,25000,41,0
1.761426435,-0.519163346,-0.461192406,-0.095318499,Female,PhD,10000,20,0
2.16000193,-1.834422707,2.169169791,-1.580595478,Male,MSc,2000,24,1
-1.442030366,-0.483336521,2.451491384,-1.031995701,Female,PhD,,34,1
0.583414666,-0.534303123,0.674539125,-0.474364792,Male,MSc,30000,,1
0.684182348,-0.050810484,-0.52354221,0.147311435,Female,PhD,25000,41,0
0.844439095,0.273024934,-1.412710194,0.592091595,Male,MSc,10000,20,0
-0.792163227,0.649619046,-0.74269188,0.551392408,Female,PhD,2000,24,0
-0.773085456,0.41962906,-0.235423047,0.276180302,Male,MSc,,34,0
-0.784420539,0.532871187,-0.483376379,0.411094578,Female,PhD,30000,,0
1.709509726,-1.361394785,1.510279889,-1.140427286,Male,MSc,25000,41,1
1.325626188,-1.126848993,1.333617416,-0.971301295,Female,PhD,10000,20,1
-0.753957056,0.482598222,-0.397071784,0.358984016,Male,MSc,2000,24,0
1.693724091,-0.319070176,-0.854749678,0.128477105,Female,PhD,,34,0
0.534052846,-0.469672879,0.573120199,-0.4104935,Male,MSc,30000,,1
-0.069251904,0.413875385,-0.880206071,0.484566307,Female,PhD,25000,41,0
-0.739069383,0.113191664,0.432423022,-0.087879593,Male,MSc,10000,20,1
0.233612346,-0.255673679,0.36536902,-0.240936956,Female,PhD,2000,24,1
0.415935256,0.12953471,-0.684549476,0.285595491,Male,MSc,,34,0
1.06081623,-0.902860158,1.069752171,-0.778632099,Female,PhD,30000,,1
-1.131783809,0.791112563,-0.748277367,0.6203544,Male,MSc,25000,41,0
2.09110036,-0.55541882,-0.686583563,-0.038722377,Female,PhD,10000,20,0
0.727562841,-1.492766407,2.728111632,-1.601502463,Male,MSc,2000,24,1
-0.436274751,-0.247139744,0.972072302,-0.435535705,Female,PhD,,34,1
0.741400546,0.427428286,-1.668919593,0.749238491,Male,MSc,30000,,0
-1.092203594,0.961528152,-1.174360281,0.840718742,Female,PhD,25000,41,0
-0.666738307,0.044467224,0.521718742,-0.149724022,Male,MSc,10000,20,0
-1.134789496,0.941479692,-1.088778754,0.803185284,Female,PhD,2000,24,0
-2.019225612,0.676556154,0.342822571,0.208752122,Male,MSc,,34,1
-0.66275886,0.185853833,0.195191784,0.024270422,Female,PhD,30000,,0
-0.338478271,-0.078133118,0.494787693,-0.19907532,Male,MSc,25000,41,1
-0.587236027,0.424708894,-0.420746772,0.33926948,Female,PhD,10000,20,1
0.012113968,0.509096443,-1.173668247,0.625830865,Male,MSc,2000,24,0
0.792944854,-0.625631966,0.687195093,-0.521840621,Female,PhD,,34,1
0.629104503,-0.514035573,0.585555931,-0.435613604,Male,MSc,30000,,1
-0.757176174,0.199795921,0.251617955,0.012410254,Female,PhD,25000,41,0
3.496094329,-0.816565193,-1.403687039,0.072168983,Male,MSc,10000,20,0
-0.088081841,-1.1072403,2.610333716,-1.380022249,Female,PhD,2000,24,0
-0.894975054,-0.349463436,1.634470195,-0.700967717,Male,MSc,,34,1
0.210208727,0.225302474,-0.710895708,0.339659905,Female,PhD,30000,,0
0.113804047,-0.64922797,1.375905957,-0.758534835,Male,MSc,25000,41,1
0.766114087,-0.68841323,0.855614741,-0.606772129,Female,PhD,10000,20,1
-1.168018966,1.473289977,-2.271920659,1.442894866,Male,MSc,2000,24,0
1.006780036,-0.271394149,-0.321469478,-0.023509936,Female,PhD,,34,0
-1.576788468,-0.010678557,1.498308711,-0.495645224,Male,MSc,30000,,1
-0.667100385,0.317657319,-0.101677292,0.184007416,Female,PhD,25000,41,0
1.020437868,-0.927878468,1.164617086,-0.82156314,Male,MSc,10000,20,1
2.261471207,-1.930123593,2.292819443,-1.666487404,Female,PhD,2000,24,1
0.379426744,-0.472044596,0.723074383,-0.460717029,Male,MSc,,34,1
0.341191991,0.350605139,-1.119419404,0.532870647,Female,PhD,30000,,1
-0.618260317,0.424190516,-0.390562791,0.329140641,Male,MSc,25000,41,1
-0.783928148,0.578042672,-0.586970012,0.46644549,Female,PhD,10000,20,0
-0.941722408,-0.508362405,2.040958508,-0.909452173,Male,MSc,2000,24,1
-1.559647752,1.955098024,-3.005880431,1.911808386,Female,PhD,,34,0
0.185734401,0.24845351,-0.740875278,0.360460133,Male,MSc,30000,,0
1.590197407,-1.278368978,1.432248434,-1.075485576,Female,PhD,25000,41,1
-1.510512895,0.294213432,0.740241839,-0.102778323,Male,MSc,10000,20,1
1.452261343,-1.23497029,1.462100552,-1.064668812,Female,PhD,2000,24,1
-0.783685187,0.655538462,-0.764131787,0.56122083,Male,MSc,,34,0
-0.484644577,-0.011358496,0.478962352,-0.162211794,Female,PhD,30000,,0
-0.96926786,0.631844837,-0.536559305,0.475466974,Male,MSc,25000,41,0
1.195601996,-0.931213228,1.008493412,-0.772027088,Female,PhD,10000,20,1
-0.219276122,0.198375696,-0.247950031,0.175305771,Male,MSc,2000,24,1
-0.332698931,-0.387534938,1.195796724,-0.57539999,Female,PhD,,34,1
-1.913603202,2.603033661,-4.154350476,2.595262625,Male,MSc,30000,,0
-0.761794923,0.034012606,0.634443898,-0.191592986,Female,PhD,25000,41,0
0.363896424,-0.916510531,1.75237485,-1.008614094,Male,MSc,10000,20,1
0.545373206,-0.501733789,0.635738242,-0.446207658,Female,PhD,2000,24,1
-1.342603525,-0.772784105,3.019403382,-1.355274014,Male,MSc,,34,1
-0.522549642,-0.158459156,0.850247863,-0.353572252,Female,PhD,30000,,0
0.400259767,0.359919018,-1.195898942,0.562330775,Male,MSc,25000,41,0
1.399762809,-1.159334266,1.338485853,-0.988308329,Female,PhD,10000,20,1
-0.967111393,0.994750644,-1.367144188,0.919603144,Male,MSc,2000,24,0
0.710796137,-0.612212028,0.733345147,-0.530583907,Female,PhD,,34,1
2.029842299,-0.416705189,-0.946025918,0.112038894,Male,MSc,30000,,0
-1.301521661,1.567254578,-2.361662363,1.516860797,Female,PhD,25000,41,0
